"start_latitude","start_longitude","end_latitude","end_longitude","movement_geometry","length_km","start_polygon_id","end_polygon_id","start_polygon_name","end_polygon_name","polygon_level","polygon_version","country","date_time","n_baseline","n_crisis","n_difference","percent_change","z_score","ds"
"34.67281324104238","-120.01817389021367","34.45691532289751","-119.08528774659119","LINESTRING (-120.01817389021367 34.67281324104238, -119.08528774659119 34.45691532289751)","88.73088413600637","USA.5.42_1","USA.5.56_1","Santa Barbara","Ventura","GADM2","3.6","US","2025-02-23 16:00","926.4285714285714","952.0","25.571428571428555","2.7572396796056666","0.39285130437957944","2025-02-23"
"34.67281324104238","-120.01817389021367","36.07467093999243","-119.81623818576698","LINESTRING (-120.01817389021367 34.67281324104238, -119.81623818576698 36.07467093999243)","156.95114785751323","USA.5.42_1","USA.5.16_1","Santa Barbara","Kings","GADM2","3.6","US","2025-02-23 16:00","22.285714285714285","27.0","4.714285714285715","20.24539877300614","0.8302926871906046","2025-02-23"
"34.67281324104238","-120.01817389021367","36.220211537773395","-118.80144209701061","LINESTRING (-120.01817389021367 34.67281324104238, -118.80144209701061 36.220211537773395)","204.33274390330368","USA.5.42_1","USA.5.54_1","Santa Barbara","Tulare","GADM2","3.6","US","2025-02-23 16:00","29.714285714285715","39.0","9.285714285714285","30.232558139534877","1.4951420452417672","2025-02-23"
"34.67281324104238","-120.01817389021367","33.74552491912014","-115.99278155619636","LINESTRING (-120.01817389021367 34.67281324104238, -115.99278155619636 33.74552491912014)","384.22422416134754","USA.5.42_1","USA.5.33_1","Santa Barbara","Riverside","GADM2","3.6","US","2025-02-23 16:00","108.71428571428571","99.0","-9.714285714285708","-8.854166666666663","-0.5348310105367287","2025-02-23"
"34.67281324104238","-120.01817389021367","34.84273278914933","-116.17966371089373","LINESTRING (-120.01817389021367 34.67281324104238, -116.17966371089373 34.84273278914933)","351.1522839465765","USA.5.42_1","USA.5.36_1","Santa Barbara","San Bernardino","GADM2","3.6","US","2025-02-23 16:00","106.71428571428571","108.0","1.2857142857142918","1.1936339522546475","0.06172303336974992","2025-02-23"
"34.67281324104238","-120.01817389021367","36.21747682090295","-121.23962348153657","LINESTRING (-120.01817389021367 34.67281324104238, -121.23962348153657 36.21747682090295)","204.3088697798099","USA.5.42_1","USA.5.27_1","Santa Barbara","Monterey","GADM2","3.6","US","2025-02-23 16:00","99.0","78.0","-21.0","-21.0","-0.7406128966515282","2025-02-23"
"34.67281324104238","-120.01817389021367","35.38769386213297","-120.40591003420344","LINESTRING (-120.01817389021367 34.67281324104238, -120.40591003420344 35.38769386213297)","86.97813633252385","USA.5.42_1","USA.5.40_1","Santa Barbara","San Luis Obispo","GADM2","3.6","US","2025-02-23 16:00","1054.4285714285713","1094.0","39.57142857142867","3.749323226854368","0.5035487010798563","2025-02-23"
"34.67281324104238","-120.01817389021367","33.70302467912685","-117.76086188122495","LINESTRING (-120.01817389021367 34.67281324104238, -117.76086188122495 33.70302467912685)","233.9529628364591","USA.5.42_1","USA.5.30_1","Santa Barbara","Orange","GADM2","3.6","US","2025-02-23 16:00","257.4149855473309","196.0","-61.4149855473309","-23.766030989747776","-1.3313128423834075","2025-02-23"
"34.67281324104238","-120.01817389021367","34.321822973296776","-118.22668057620999","LINESTRING (-120.01817389021367 34.67281324104238, -118.22668057620999 34.321822973296776)","168.74811223725604","USA.5.42_1","USA.5.19_1","Santa Barbara","Los Angeles","GADM2","3.6","US","2025-02-23 16:00","1165.142857142857","1089.0","-76.14285714285711","-6.529462207521742","-0.5510685455108789","2025-02-23"
"34.67281324104238","-120.01817389021367","34.67281324104238","-120.01817389021367","POINT (-120.01817389021367 34.67281324104238)","0.0","USA.5.42_1","USA.5.42_1","Santa Barbara","Santa Barbara","GADM2","3.6","US","2025-02-23 16:00","59938.28571428572","60730.0","791.7142857142826","1.3208603944467563","0.9399431659596177","2025-02-23"
"34.67281324104238","-120.01817389021367","36.21567337254576","-115.01864068116636","LINESTRING (-120.01817389021367 34.67281324104238, -115.01864068116636 36.21567337254576)","484.2268817775562","USA.5.42_1","USA.29.3_1","Santa Barbara","Clark","GADM2","3.6","US","2025-02-23 16:00","53.714285714285715","24.0","-29.714285714285715","-54.30809399477807","-2.4432854943684084","2025-02-23"
"34.67281324104238","-120.01817389021367","35.34244322872474","-118.73226467260795","LINESTRING (-120.01817389021367 34.67281324104238, -118.73226467260795 35.34244322872474)","138.78057405531763","USA.5.42_1","USA.5.15_1","Santa Barbara","Kern","GADM2","3.6","US","2025-02-23 16:00","160.85714285714286","194.0","33.14285714285714","20.4766107678729","1.971964176309525","2025-02-23"
"34.67281324104238","-120.01817389021367","33.03467961448801","-116.73219428917275","LINESTRING (-120.01817389021367 34.67281324104238, -116.73219428917275 33.03467961448801)","353.88098123911703","USA.5.42_1","USA.5.37_1","Santa Barbara","San Diego","GADM2","3.6","US","2025-02-23 16:00","127.42857142857143","100.0","-27.42857142857143","-21.35706340378198","-0.9817109081265106","2025-02-23"
"33.03467961448801","-116.73219428917275","33.04031085182373","-115.36367513698546","LINESTRING (-116.73219428917275 33.03467961448801, -115.36367513698546 33.04031085182373)","127.56907290956141","USA.5.37_1","USA.5.13_1","San Diego","Imperial","GADM2","3.6","US","2025-02-23 16:00","599.8571428571429","661.0","61.14285714285711","10.175939134569656","1.1626114482010363","2025-02-23"
"33.03467961448801","-116.73219428917275","36.51140391678481","-117.41198453824227","LINESTRING (-116.73219428917275 33.03467961448801, -117.41198453824227 36.51140391678481)","391.54537627531926","USA.5.37_1","USA.5.14_1","San Diego","Inyo","GADM2","3.6","US","2025-02-23 16:00","13.775928961822968","11.0","-2.7759289618229683","-18.78683207665131","-0.357983371015529","2025-02-23"
"33.03467961448801","-116.73219428917275","34.45691532289751","-119.08528774659119","LINESTRING (-116.73219428917275 33.03467961448801, -119.08528774659119 34.45691532289751)","268.95648410536415","USA.5.37_1","USA.5.56_1","San Diego","Ventura","GADM2","3.6","US","2025-02-23 16:00","251.28571428571428","377.0","125.71428571428572","49.830124575311444","4.0","2025-02-23"
"33.03467961448801","-116.73219428917275","36.07467093999243","-119.81623818576698","LINESTRING (-116.73219428917275 33.03467961448801, -119.81623818576698 36.07467093999243)","440.43427284032236","USA.5.37_1","USA.5.16_1","San Diego","Kings","GADM2","3.6","US","2025-02-23 16:00","26.571428571428573","21.0","-5.571428571428573","-20.207253886010367","-0.9083697616443437","2025-02-23"
"33.03467961448801","-116.73219428917275","36.220211537773395","-118.80144209701061","LINESTRING (-116.73219428917275 33.03467961448801, -118.80144209701061 36.220211537773395)","401.6116751772939","USA.5.37_1","USA.5.54_1","San Diego","Tulare","GADM2","3.6","US","2025-02-23 16:00","51.57142857142857","44.0","-7.571428571428569","-14.402173913043473","-0.859396686245377","2025-02-23"
"33.03467961448801","-116.73219428917275","33.74552491912014","-115.99278155619636","LINESTRING (-116.73219428917275 33.03467961448801, -115.99278155619636 33.74552491912014)","104.69068947464318","USA.5.37_1","USA.5.33_1","San Diego","Riverside","GADM2","3.6","US","2025-02-23 16:00","4005.714285714286","4607.0","601.2857142857142","15.006952615252965","1.827813977087312","2025-02-23"
"33.03467961448801","-116.73219428917275","34.84273278914933","-116.17966371089373","LINESTRING (-116.73219428917275 33.03467961448801, -116.17966371089373 34.84273278914933)","207.40626345566898","USA.5.37_1","USA.5.36_1","San Diego","San Bernardino","GADM2","3.6","US","2025-02-23 16:00","1168.7142857142858","1409.0","240.28571428571422","20.542256961406927","1.9501356431486339","2025-02-23"
"33.03467961448801","-116.73219428917275","36.21747682090295","-121.23962348153657","LINESTRING (-116.73219428917275 33.03467961448801, -121.23962348153657 36.21747682090295)","543.3386623630295","USA.5.37_1","USA.5.27_1","San Diego","Monterey","GADM2","3.6","US","2025-02-23 16:00","32.42857142857143","42.0","9.57142857142857","28.632478632478623","1.3194874717503045","2025-02-23"
"33.03467961448801","-116.73219428917275","35.38769386213297","-120.40591003420344","LINESTRING (-116.73219428917275 33.03467961448801, -120.40591003420344 35.38769386213297)","427.23181014942435","USA.5.37_1","USA.5.40_1","San Diego","San Luis Obispo","GADM2","3.6","US","2025-02-23 16:00","46.285714285714285","38.0","-8.285714285714285","-17.5226586102719","-0.7879678410745816","2025-02-23"
"33.03467961448801","-116.73219428917275","33.70302467912685","-117.76086188122495","LINESTRING (-116.73219428917275 33.03467961448801, -117.76086188122495 33.70302467912685)","121.02876424215702","USA.5.37_1","USA.5.30_1","San Diego","Orange","GADM2","3.6","US","2025-02-23 16:00","2827.4285714285716","3133.0","305.57142857142844","10.80357593817869","2.0257577227745536","2025-02-23"
"33.03467961448801","-116.73219428917275","34.321822973296776","-118.22668057620999","LINESTRING (-116.73219428917275 33.03467961448801, -118.22668057620999 34.321822973296776)","199.0127133454916","USA.5.37_1","USA.5.19_1","San Diego","Los Angeles","GADM2","3.6","US","2025-02-23 16:00","3844.8571428571427","4367.0","522.1428571428573","13.57676163589763","1.4846161765554804","2025-02-23"
"33.03467961448801","-116.73219428917275","34.67281324104238","-120.01817389021367","LINESTRING (-116.73219428917275 33.03467961448801, -120.01817389021367 34.67281324104238)","353.8809812391172","USA.5.37_1","USA.5.42_1","San Diego","Santa Barbara","GADM2","3.6","US","2025-02-23 16:00","104.14285714285714","87.0","-17.14285714285714","-16.304347826086953","-0.5788260129612312","2025-02-23"
"33.03467961448801","-116.73219428917275","36.21567337254576","-115.01864068116636","LINESTRING (-116.73219428917275 33.03467961448801, -115.01864068116636 36.21567337254576)","386.88390213274863","USA.5.37_1","USA.29.3_1","San Diego","Clark","GADM2","3.6","US","2025-02-23 16:00","540.8571428571429","436.0","-104.85714285714289","-19.351436857368842","-0.8865484345965389","2025-02-23"
"33.03467961448801","-116.73219428917275","35.34244322872474","-118.73226467260795","LINESTRING (-116.73219428917275 33.03467961448801, -118.73226467260795 35.34244322872474)","315.7233466956709","USA.5.37_1","USA.5.15_1","San Diego","Kern","GADM2","3.6","US","2025-02-23 16:00","252.42386430545594","280.0","27.576135694544064","10.881428144156974","0.36848334728705656","2025-02-23"
"33.03467961448801","-116.73219428917275","33.03467961448801","-116.73219428917275","POINT (-116.73219428917275 33.03467961448801)","0.0","USA.5.37_1","USA.5.37_1","San Diego","San Diego","GADM2","3.6","US","2025-02-23 16:00","475469.71428571426","480721.0","5251.285714285739","1.1044393600927855","1.0593357977627216","2025-02-23"
"36.51140391678481","-117.41198453824227","36.51140391678481","-117.41198453824227","POINT (-117.41198453824227 36.51140391678481)","0.0","USA.5.14_1","USA.5.14_1","Inyo","Inyo","GADM2","3.6","US","2025-02-23 16:00","2587.8571428571427","2626.0","38.14285714285734","1.4733473126586545","0.28393637004661065","2025-02-23"
"36.51140391678481","-117.41198453824227","34.45691532289751","-119.08528774659119","LINESTRING (-117.41198453824227 36.51140391678481, -119.08528774659119 34.45691532289751)","274.1103950774714","USA.5.14_1","USA.5.56_1","Inyo","Ventura","GADM2","3.6","US","2025-02-23 16:00","20.0","30.0","10.0","47.61904761904762","1.1923929502757464","2025-02-23"
"36.51140391678481","-117.41198453824227","33.74552491912014","-115.99278155619636","LINESTRING (-117.41198453824227 36.51140391678481, -115.99278155619636 33.74552491912014)","333.523636684255","USA.5.14_1","USA.5.33_1","Inyo","Riverside","GADM2","3.6","US","2025-02-23 16:00","30.37506702405711","22.0","-8.37506702405711","-26.693383691054596","-0.709756113247384","2025-02-23"
"36.51140391678481","-117.41198453824227","34.84273278914933","-116.17966371089373","LINESTRING (-117.41198453824227 36.51140391678481, -116.17966371089373 34.84273278914933)","216.36924534658155","USA.5.14_1","USA.5.36_1","Inyo","San Bernardino","GADM2","3.6","US","2025-02-23 16:00","54.42139050712838","47.0","-7.421390507128379","-13.390841404771013","-0.39464328812703664","2025-02-23"
"36.51140391678481","-117.41198453824227","33.70302467912685","-117.76086188122495","LINESTRING (-117.41198453824227 36.51140391678481, -117.76086188122495 33.70302467912685)","313.88569954459734","USA.5.14_1","USA.5.30_1","Inyo","Orange","GADM2","3.6","US","2025-02-23 16:00","43.142857142857146","68.0","24.857142857142854","56.31067961165047","1.5441219155740031","2025-02-23"
"36.51140391678481","-117.41198453824227","34.321822973296776","-118.22668057620999","LINESTRING (-117.41198453824227 36.51140391678481, -118.22668057620999 34.321822973296776)","254.4145248492843","USA.5.14_1","USA.5.19_1","Inyo","Los Angeles","GADM2","3.6","US","2025-02-23 16:00","154.14285714285714","201.0","46.85714285714286","30.202578268876614","0.7710414933171821","2025-02-23"
"36.51140391678481","-117.41198453824227","36.21567337254576","-115.01864068116636","LINESTRING (-117.41198453824227 36.51140391678481, -115.01864068116636 36.21567337254576)","216.80751654855612","USA.5.14_1","USA.29.3_1","Inyo","Clark","GADM2","3.6","US","2025-02-23 16:00","52.285714285714285","46.0","-6.285714285714285","-11.796246648793563","-0.5821817364274594","2025-02-23"
"36.51140391678481","-117.41198453824227","35.34244322872474","-118.73226467260795","LINESTRING (-117.41198453824227 36.51140391678481, -118.73226467260795 35.34244322872474)","176.1438094192384","USA.5.14_1","USA.5.15_1","Inyo","Kern","GADM2","3.6","US","2025-02-23 16:00","57.285714285714285","58.0","0.7142857142857153","1.2254901960784332","0.05745229131775709","2025-02-23"
"36.51140391678481","-117.41198453824227","33.03467961448801","-116.73219428917275","LINESTRING (-117.41198453824227 36.51140391678481, -116.73219428917275 33.03467961448801)","391.5453762753193","USA.5.14_1","USA.5.37_1","Inyo","San Diego","GADM2","3.6","US","2025-02-23 16:00","35.0","67.0","32.0","88.88888888888889","1.842410143839191","2025-02-23"
"36.21747682090295","-121.23962348153657","33.04031085182373","-115.36367513698546","LINESTRING (-121.23962348153657 36.21747682090295, -115.36367513698546 33.04031085182373)","643.1139621690231","USA.5.27_1","USA.5.13_1","Monterey","Imperial","GADM2","3.6","US","2025-02-23 16:00","","12.0","","","","2025-02-23"
"36.21747682090295","-121.23962348153657","34.45691532289751","-119.08528774659119","LINESTRING (-121.23962348153657 36.21747682090295, -119.08528774659119 34.45691532289751)","276.5918862725083","USA.5.27_1","USA.5.56_1","Monterey","Ventura","GADM2","3.6","US","2025-02-23 16:00","68.13709514544368","62.0","-6.137095145443681","-8.876703790538315","-0.33139421200439245","2025-02-23"
"36.21747682090295","-121.23962348153657","36.07467093999243","-119.81623818576698","LINESTRING (-121.23962348153657 36.21747682090295, -119.81623818576698 36.07467093999243)","128.78978386085595","USA.5.27_1","USA.5.16_1","Monterey","Kings","GADM2","3.6","US","2025-02-23 16:00","26.285714285714285","35.0","8.714285714285715","31.937172774869115","1.2769444796884617","2025-02-23"
"36.21747682090295","-121.23962348153657","36.220211537773395","-118.80144209701061","LINESTRING (-121.23962348153657 36.21747682090295, -118.80144209701061 36.220211537773395)","218.71987169646786","USA.5.27_1","USA.5.54_1","Monterey","Tulare","GADM2","3.6","US","2025-02-23 16:00","40.714285714285715","73.0","32.285714285714285","77.39726027397259","3.0474757274824222","2025-02-23"
"36.21747682090295","-121.23962348153657","33.74552491912014","-115.99278155619636","LINESTRING (-121.23962348153657 36.21747682090295, -115.99278155619636 33.74552491912014)","551.2860147931714","USA.5.27_1","USA.5.33_1","Monterey","Riverside","GADM2","3.6","US","2025-02-23 16:00","31.0","60.0","29.0","90.625","4.0","2025-02-23"
"36.21747682090295","-121.23962348153657","34.84273278914933","-116.17966371089373","LINESTRING (-121.23962348153657 36.21747682090295, -116.17966371089373 34.84273278914933)","482.65342733661237","USA.5.27_1","USA.5.36_1","Monterey","San Bernardino","GADM2","3.6","US","2025-02-23 16:00","29.0","27.0","-2.0","-6.666666666666667","-0.3110855084191276","2025-02-23"
"36.21747682090295","-121.23962348153657","36.21747682090295","-121.23962348153657","POINT (-121.23962348153657 36.21747682090295)","0.0","USA.5.27_1","USA.5.27_1","Monterey","Monterey","GADM2","3.6","US","2025-02-23 16:00","58876.42857142857","59588.0","711.5714285714275","1.2085640386080507","0.5079127893927464","2025-02-23"
"36.21747682090295","-121.23962348153657","35.38769386213297","-120.40591003420344","LINESTRING (-121.23962348153657 36.21747682090295, -120.40591003420344 35.38769386213297)","119.02167999902176","USA.5.27_1","USA.5.40_1","Monterey","San Luis Obispo","GADM2","3.6","US","2025-02-23 16:00","242.57142857142858","232.0","-10.571428571428584","-4.340175953079183","-0.22209574390288175","2025-02-23"
"36.21747682090295","-121.23962348153657","33.70302467912685","-117.76086188122495","LINESTRING (-121.23962348153657 36.21747682090295, -117.76086188122495 33.70302467912685)","422.6399342488974","USA.5.27_1","USA.5.30_1","Monterey","Orange","GADM2","3.6","US","2025-02-23 16:00","50.285714285714285","53.0","2.7142857142857153","5.2924791086351","0.1420258922508821","2025-02-23"
"36.21747682090295","-121.23962348153657","34.321822973296776","-118.22668057620999","LINESTRING (-121.23962348153657 36.21747682090295, -118.22668057620999 34.321822973296776)","345.29177616119756","USA.5.27_1","USA.5.19_1","Monterey","Los Angeles","GADM2","3.6","US","2025-02-23 16:00","173.28571428571428","172.0","-1.2857142857142776","-0.7377049180327823","-0.021591406602948802","2025-02-23"
"36.21747682090295","-121.23962348153657","36.21567337254576","-115.01864068116636","LINESTRING (-121.23962348153657 36.21747682090295, -115.01864068116636 36.21567337254576)","557.9950524369679","USA.5.27_1","USA.29.3_1","Monterey","Clark","GADM2","3.6","US","2025-02-23 16:00","14.0","11.0","-3.0","-20.0","-0.5809475019311126","2025-02-23"
"36.21747682090295","-121.23962348153657","34.67281324104238","-120.01817389021367","LINESTRING (-121.23962348153657 36.21747682090295, -120.01817389021367 34.67281324104238)","204.30886977980975","USA.5.27_1","USA.5.42_1","Monterey","Santa Barbara","GADM2","3.6","US","2025-02-23 16:00","115.57142857142857","98.0","-17.57142857142857","-15.073529411764705","-0.5468989792779372","2025-02-23"
"36.21747682090295","-121.23962348153657","35.34244322872474","-118.73226467260795","LINESTRING (-121.23962348153657 36.21747682090295, -118.73226467260795 35.34244322872474)","246.21572031995768","USA.5.27_1","USA.5.15_1","Monterey","Kern","GADM2","3.6","US","2025-02-23 16:00","111.05095115405564","123.0","11.949048845944361","10.66394236093182","0.2783905279521715","2025-02-23"
"36.21747682090295","-121.23962348153657","33.03467961448801","-116.73219428917275","LINESTRING (-121.23962348153657 36.21747682090295, -116.73219428917275 33.03467961448801)","543.3386623630297","USA.5.27_1","USA.5.37_1","Monterey","San Diego","GADM2","3.6","US","2025-02-23 16:00","40.57142857142857","44.0","3.4285714285714306","8.247422680412376","0.2926176565232728","2025-02-23"
"34.84273278914933","-116.17966371089373","33.04031085182373","-115.36367513698546","LINESTRING (-116.17966371089373 34.84273278914933, -115.36367513698546 33.04031085182373)","214.08725564631405","USA.5.36_1","USA.5.13_1","San Bernardino","Imperial","GADM2","3.6","US","2025-02-23 16:00","108.94636496486257","104.0","-4.946364964862568","-4.4988890414370335","-0.46918875389579345","2025-02-23"
"34.84273278914933","-116.17966371089373","36.51140391678481","-117.41198453824227","LINESTRING (-116.17966371089373 34.84273278914933, -117.41198453824227 36.51140391678481)","216.36924534658115","USA.5.36_1","USA.5.14_1","San Bernardino","Inyo","GADM2","3.6","US","2025-02-23 16:00","36.57142857142857","54.0","17.42857142857143","46.38783269961978","1.7885820217070543","2025-02-23"
"34.84273278914933","-116.17966371089373","34.45691532289751","-119.08528774659119","LINESTRING (-116.17966371089373 34.84273278914933, -119.08528774659119 34.45691532289751)","269.21821728941603","USA.5.36_1","USA.5.56_1","San Bernardino","Ventura","GADM2","3.6","US","2025-02-23 16:00","321.7142857142857","413.0","91.28571428571428","28.28685258964143","1.4585214933978141","2025-02-23"
"34.84273278914933","-116.17966371089373","36.07467093999243","-119.81623818576698","LINESTRING (-116.17966371089373 34.84273278914933, -119.81623818576698 36.07467093999243)","356.6909649165084","USA.5.36_1","USA.5.16_1","San Bernardino","Kings","GADM2","3.6","US","2025-02-23 16:00","35.714285714285715","27.0","-8.714285714285715","-23.73540856031129","-0.7306742981209058","2025-02-23"
"34.84273278914933","-116.17966371089373","36.220211537773395","-118.80144209701061","LINESTRING (-116.17966371089373 34.84273278914933, -118.80144209701061 36.220211537773395)","282.37530018079406","USA.5.36_1","USA.5.54_1","San Bernardino","Tulare","GADM2","3.6","US","2025-02-23 16:00","110.79074982991938","111.0","0.2092501700806224","0.18718021875600593","0.01335834761805807","2025-02-23"
"34.84273278914933","-116.17966371089373","33.74552491912014","-115.99278155619636","LINESTRING (-116.17966371089373 34.84273278914933, -115.99278155619636 33.74552491912014)","123.20601915316423","USA.5.36_1","USA.5.33_1","San Bernardino","Riverside","GADM2","3.6","US","2025-02-23 16:00","10569.57142857143","11217.0","647.4285714285706","6.124820931426864","1.419661982089941","2025-02-23"
"34.84273278914933","-116.17966371089373","34.84273278914933","-116.17966371089373","POINT (-116.17966371089373 34.84273278914933)","0.0","USA.5.36_1","USA.5.36_1","San Bernardino","San Bernardino","GADM2","3.6","US","2025-02-23 16:00","305967.5714285714","309402.0","3434.4285714285797","1.1224775653895385","0.9439950030293353","2025-02-23"
"34.84273278914933","-116.17966371089373","36.21747682090295","-121.23962348153657","LINESTRING (-116.17966371089373 34.84273278914933, -121.23962348153657 36.21747682090295)","482.65342733661237","USA.5.36_1","USA.5.27_1","San Bernardino","Monterey","GADM2","3.6","US","2025-02-23 16:00","34.42857142857143","28.0","-6.428571428571431","-18.145161290322587","-0.5705504452053822","2025-02-23"
"34.84273278914933","-116.17966371089373","35.38769386213297","-120.40591003420344","LINESTRING (-116.17966371089373 34.84273278914933, -120.40591003420344 35.38769386213297)","389.1226048765693","USA.5.36_1","USA.5.40_1","San Bernardino","San Luis Obispo","GADM2","3.6","US","2025-02-23 16:00","56.142857142857146","77.0","20.857142857142854","36.49999999999999","1.3015152255483768","2025-02-23"
"34.84273278914933","-116.17966371089373","33.70302467912685","-117.76086188122495","LINESTRING (-116.17966371089373 34.84273278914933, -117.76086188122495 33.70302467912685)","192.79098878089198","USA.5.36_1","USA.5.30_1","San Bernardino","Orange","GADM2","3.6","US","2025-02-23 16:00","3933.3342566229903","4483.0","549.6657433770097","13.970997569708569","2.3098269603375203","2025-02-23"
"34.84273278914933","-116.17966371089373","34.321822973296776","-118.22668057620999","LINESTRING (-116.17966371089373 34.84273278914933, -118.22668057620999 34.321822973296776)","196.14359437889112","USA.5.36_1","USA.5.19_1","San Bernardino","Los Angeles","GADM2","3.6","US","2025-02-23 16:00","13002.0","14234.0","1232.0","9.474736599246327","1.6633659997347061","2025-02-23"
"34.84273278914933","-116.17966371089373","34.67281324104238","-120.01817389021367","LINESTRING (-116.17966371089373 34.84273278914933, -120.01817389021367 34.67281324104238)","351.15228394657646","USA.5.36_1","USA.5.42_1","San Bernardino","Santa Barbara","GADM2","3.6","US","2025-02-23 16:00","111.14285714285714","182.0","70.85714285714286","63.184713375796186","3.2280923179161993","2025-02-23"
"34.84273278914933","-116.17966371089373","36.21567337254576","-115.01864068116636","LINESTRING (-116.17966371089373 34.84273278914933, -115.01864068116636 36.21567337254576)","185.3196968150332","USA.5.36_1","USA.29.3_1","San Bernardino","Clark","GADM2","3.6","US","2025-02-23 16:00","1979.142857142857","1366.0","-613.1428571428571","-30.96457687035567","-1.1565299697228886","2025-02-23"
"34.84273278914933","-116.17966371089373","35.34244322872474","-118.73226467260795","LINESTRING (-116.17966371089373 34.84273278914933, -118.73226467260795 35.34244322872474)","238.7887746648896","USA.5.36_1","USA.5.15_1","San Bernardino","Kern","GADM2","3.6","US","2025-02-23 16:00","637.0302346358966","651.0","13.96976536410341","2.189514635160747","0.12566665206387284","2025-02-23"
"34.84273278914933","-116.17966371089373","33.03467961448801","-116.73219428917275","LINESTRING (-116.17966371089373 34.84273278914933, -116.73219428917275 33.03467961448801)","207.4062634556693","USA.5.36_1","USA.5.37_1","San Bernardino","San Diego","GADM2","3.6","US","2025-02-23 16:00","1369.857142857143","1815.0","445.1428571428571","32.47186327636515","2.399579466598235","2025-02-23"
"33.04031085182373","-115.36367513698546","33.04031085182373","-115.36367513698546","POINT (-115.36367513698546 33.04031085182373)","0.0","USA.5.13_1","USA.5.13_1","Imperial","Imperial","GADM2","3.6","US","2025-02-23 16:00","33118.07289917366","32708.0","-410.0728991736614","-1.2381774707947606","-0.2615952133547246","2025-02-23"
"33.04031085182373","-115.36367513698546","34.45691532289751","-119.08528774659119","LINESTRING (-115.36367513698546 33.04031085182373, -119.08528774659119 34.45691532289751)","378.3944466377291","USA.5.13_1","USA.5.56_1","Imperial","Ventura","GADM2","3.6","US","2025-02-23 16:00","11.142857142857142","","","","","2025-02-23"
"33.04031085182373","-115.36367513698546","33.74552491912014","-115.99278155619636","LINESTRING (-115.36367513698546 33.04031085182373, -115.99278155619636 33.74552491912014)","97.77626084879077","USA.5.13_1","USA.5.33_1","Imperial","Riverside","GADM2","3.6","US","2025-02-23 16:00","639.422662309723","598.0","-41.42266230972302","-6.468019442086837","-0.22342580352720262","2025-02-23"
"33.04031085182373","-115.36367513698546","34.84273278914933","-116.17966371089373","LINESTRING (-115.36367513698546 33.04031085182373, -116.17966371089373 34.84273278914933)","214.0872556463143","USA.5.13_1","USA.5.36_1","Imperial","San Bernardino","GADM2","3.6","US","2025-02-23 16:00","144.1972675420157","149.0","4.802732457984291","3.3077292288537903","0.10111860354471125","2025-02-23"
"33.04031085182373","-115.36367513698546","35.34244322872474","-118.73226467260795","LINESTRING (-115.36367513698546 33.04031085182373, -118.73226467260795 35.34244322872474)","401.85190918931545","USA.5.13_1","USA.5.15_1","Imperial","Kern","GADM2","3.6","US","2025-02-23 16:00","38.0","43.0","5.0","12.820512820512821","0.2719641466102106","2025-02-23"
"33.04031085182373","-115.36367513698546","34.321822973296776","-118.22668057620999","LINESTRING (-115.36367513698546 33.04031085182373, -118.22668057620999 34.321822973296776)","300.78746404815195","USA.5.13_1","USA.5.19_1","Imperial","Los Angeles","GADM2","3.6","US","2025-02-23 16:00","177.92822119459217","152.0","-25.92822119459217","-14.4908505888482","-0.48429928214125345","2025-02-23"
"33.04031085182373","-115.36367513698546","33.70302467912685","-117.76086188122495","LINESTRING (-115.36367513698546 33.04031085182373, -117.76086188122495 33.70302467912685)","234.47848115132498","USA.5.13_1","USA.5.30_1","Imperial","Orange","GADM2","3.6","US","2025-02-23 16:00","73.43425054591602","64.0","-9.434250545916015","-12.674609439503042","-0.3976170866958341","2025-02-23"
"33.04031085182373","-115.36367513698546","36.21567337254576","-115.01864068116636","LINESTRING (-115.36367513698546 33.04031085182373, -115.01864068116636 36.21567337254576)","354.49243164011466","USA.5.13_1","USA.29.3_1","Imperial","Clark","GADM2","3.6","US","2025-02-23 16:00","45.34443387965037","25.0","-20.344433879650367","-43.898332931376075","-1.103271949815726","2025-02-23"
"33.04031085182373","-115.36367513698546","33.03467961448801","-116.73219428917275","LINESTRING (-115.36367513698546 33.04031085182373, -116.73219428917275 33.03467961448801)","127.56907290956141","USA.5.13_1","USA.5.37_1","Imperial","San Diego","GADM2","3.6","US","2025-02-23 16:00","806.2234960277389","750.0","-56.22349602773886","-6.965047016645169","-0.20429170564991697","2025-02-23"
"36.21567337254576","-115.01864068116636","33.04031085182373","-115.36367513698546","LINESTRING (-115.01864068116636 36.21567337254576, -115.36367513698546 33.04031085182373)","354.4924316401141","USA.29.3_1","USA.5.13_1","Clark","Imperial","GADM2","3.6","US","2025-02-23 16:00","56.11899832871817","53.0","-3.1189983287181704","-5.460527004987773","-0.1407529871547662","2025-02-23"
"36.21567337254576","-115.01864068116636","36.51140391678481","-117.41198453824227","LINESTRING (-115.01864068116636 36.21567337254576, -117.41198453824227 36.51140391678481)","216.80751654855612","USA.29.3_1","USA.5.14_1","Clark","Inyo","GADM2","3.6","US","2025-02-23 16:00","37.714285714285715","49.0","11.285714285714285","29.151291512915126","0.9965991718281887","2025-02-23"
"36.21567337254576","-115.01864068116636","34.45691532289751","-119.08528774659119","LINESTRING (-115.01864068116636 36.21567337254576, -119.08528774659119 34.45691532289751)","417.46348272143103","USA.29.3_1","USA.5.56_1","Clark","Ventura","GADM2","3.6","US","2025-02-23 16:00","147.85714285714286","177.0","29.14285714285714","19.57773512476007","1.635597911067372","2025-02-23"
"36.21567337254576","-115.01864068116636","36.07467093999243","-119.81623818576698","LINESTRING (-115.01864068116636 36.21567337254576, -119.81623818576698 36.07467093999243)","431.0310539965387","USA.29.3_1","USA.5.16_1","Clark","Kings","GADM2","3.6","US","2025-02-23 16:00","24.285714285714285","17.0","-7.285714285714285","-28.813559322033893","-1.1079977007971091","2025-02-23"
"36.21567337254576","-115.01864068116636","36.220211537773395","-118.80144209701061","LINESTRING (-115.01864068116636 36.21567337254576, -118.80144209701061 36.220211537773395)","339.33193747035","USA.29.3_1","USA.5.54_1","Clark","Tulare","GADM2","3.6","US","2025-02-23 16:00","95.56299365034117","104.0","8.43700634965883","8.737308186829418","0.27774302367041775","2025-02-23"
"36.21567337254576","-115.01864068116636","33.74552491912014","-115.99278155619636","LINESTRING (-115.01864068116636 36.21567337254576, -115.99278155619636 33.74552491912014)","288.6459041308071","USA.29.3_1","USA.5.33_1","Clark","Riverside","GADM2","3.6","US","2025-02-23 16:00","705.7142857142857","777.0","71.28571428571433","10.086921366484745","1.2480227189807855","2025-02-23"
"36.21567337254576","-115.01864068116636","34.84273278914933","-116.17966371089373","LINESTRING (-115.01864068116636 36.21567337254576, -116.17966371089373 34.84273278914933)","185.31969681503344","USA.29.3_1","USA.5.36_1","Clark","San Bernardino","GADM2","3.6","US","2025-02-23 16:00","2262.261412467849","2112.0","-150.2614124678489","-6.639154082691872","-0.15910180090289952","2025-02-23"
"36.21567337254576","-115.01864068116636","36.21747682090295","-121.23962348153657","LINESTRING (-115.01864068116636 36.21567337254576, -121.23962348153657 36.21747682090295)","557.9950524369679","USA.29.3_1","USA.5.27_1","Clark","Monterey","GADM2","3.6","US","2025-02-23 16:00","27.571428571428573","28.0","0.42857142857142705","1.4999999999999947","0.06063803480613845","2025-02-23"
"36.21567337254576","-115.01864068116636","35.38769386213297","-120.40591003420344","LINESTRING (-115.01864068116636 36.21567337254576, -120.40591003420344 35.38769386213297)","494.4232280723004","USA.29.3_1","USA.5.40_1","Clark","San Luis Obispo","GADM2","3.6","US","2025-02-23 16:00","44.857142857142854","23.0","-21.857142857142854","-47.66355140186916","-0.8368656127789617","2025-02-23"
"36.21567337254576","-115.01864068116636","33.70302467912685","-117.76086188122495","LINESTRING (-115.01864068116636 36.21567337254576, -117.76086188122495 33.70302467912685)","374.8107699233517","USA.29.3_1","USA.5.30_1","Clark","Orange","GADM2","3.6","US","2025-02-23 16:00","885.2016186559189","901.0","15.798381344081122","1.7827073446381372","0.08405533167831832","2025-02-23"
"36.21567337254576","-115.01864068116636","34.321822973296776","-118.22668057620999","LINESTRING (-115.01864068116636 36.21567337254576, -118.22668057620999 34.321822973296776)","359.3646920342064","USA.29.3_1","USA.5.19_1","Clark","Los Angeles","GADM2","3.6","US","2025-02-23 16:00","2611.285714285714","2387.0","-224.28571428571422","-8.585803346822702","-0.46783631994676866","2025-02-23"
"36.21567337254576","-115.01864068116636","34.67281324104238","-120.01817389021367","LINESTRING (-115.01864068116636 36.21567337254576, -120.01817389021367 34.67281324104238)","484.22688177755623","USA.29.3_1","USA.5.42_1","Clark","Santa Barbara","GADM2","3.6","US","2025-02-23 16:00","66.71428571428571","67.0","0.2857142857142918","0.42194092827005125","0.03144249904852118","2025-02-23"
"36.21567337254576","-115.01864068116636","36.21567337254576","-115.01864068116636","POINT (-115.01864068116636 36.21567337254576)","0.0","USA.29.3_1","USA.29.3_1","Clark","Clark","GADM2","3.6","US","2025-02-23 16:00","458335.4285714286","460561.0","2225.5714285714203","0.4855759415650681","0.23409202873454324","2025-02-23"
"36.21567337254576","-115.01864068116636","35.34244322872474","-118.73226467260795","LINESTRING (-115.01864068116636 36.21567337254576, -118.73226467260795 35.34244322872474)","348.76706983633153","USA.29.3_1","USA.5.15_1","Clark","Kern","GADM2","3.6","US","2025-02-23 16:00","450.2857142857143","396.0","-54.28571428571428","-12.02912314023425","-0.7938761011419467","2025-02-23"
"36.21567337254576","-115.01864068116636","33.03467961448801","-116.73219428917275","LINESTRING (-115.01864068116636 36.21567337254576, -116.73219428917275 33.03467961448801)","386.88390213274863","USA.29.3_1","USA.5.37_1","Clark","San Diego","GADM2","3.6","US","2025-02-23 16:00","636.7142857142857","629.0","-7.714285714285666","-1.2096774193548312","-0.19694698592445617","2025-02-23"
"36.07467093999243","-119.81623818576698","34.45691532289751","-119.08528774659119","LINESTRING (-119.81623818576698 36.07467093999243, -119.08528774659119 34.45691532289751)","191.7350670722202","USA.5.16_1","USA.5.56_1","Kings","Ventura","GADM2","3.6","US","2025-02-23 16:00","13.714285714285714","","","","","2025-02-23"
"36.07467093999243","-119.81623818576698","36.21747682090295","-121.23962348153657","LINESTRING (-119.81623818576698 36.07467093999243, -121.23962348153657 36.21747682090295)","128.78978386085598","USA.5.16_1","USA.5.27_1","Kings","Monterey","GADM2","3.6","US","2025-02-23 16:00","30.142857142857142","44.0","13.857142857142858","44.4954128440367","2.1015898043710464","2025-02-23"
"36.07467093999243","-119.81623818576698","35.38769386213297","-120.40591003420344","LINESTRING (-119.81623818576698 36.07467093999243, -120.40591003420344 35.38769386213297)","93.10290843600377","USA.5.16_1","USA.5.40_1","Kings","San Luis Obispo","GADM2","3.6","US","2025-02-23 16:00","74.42857142857143","84.0","9.57142857142857","12.689393939393936","0.5407623750990032","2025-02-23"
"36.07467093999243","-119.81623818576698","33.74552491912014","-115.99278155619636","LINESTRING (-119.81623818576698 36.07467093999243, -115.99278155619636 33.74552491912014)","434.2494314128641","USA.5.16_1","USA.5.33_1","Kings","Riverside","GADM2","3.6","US","2025-02-23 16:00","26.714285714285715","14.0","-12.714285714285715","-45.876288659793815","-1.5243212570871867","2025-02-23"
"36.07467093999243","-119.81623818576698","34.321822973296776","-118.22668057620999","LINESTRING (-119.81623818576698 36.07467093999243, -118.22668057620999 34.321822973296776)","242.58182083827393","USA.5.16_1","USA.5.19_1","Kings","Los Angeles","GADM2","3.6","US","2025-02-23 16:00","116.85714285714286","82.0","-34.85714285714286","-29.575757575757578","-1.2294622897852794","2025-02-23"
"36.07467093999243","-119.81623818576698","36.07467093999243","-119.81623818576698","POINT (-119.81623818576698 36.07467093999243)","0.0","USA.5.16_1","USA.5.16_1","Kings","Kings","GADM2","3.6","US","2025-02-23 16:00","22512.14285714286","22464.0","-48.1428571428587","-0.2138433423016466","-0.1402328006339349","2025-02-23"
"36.07467093999243","-119.81623818576698","36.220211537773395","-118.80144209701061","LINESTRING (-119.81623818576698 36.07467093999243, -118.80144209701061 36.220211537773395)","92.54430275338002","USA.5.16_1","USA.5.54_1","Kings","Tulare","GADM2","3.6","US","2025-02-23 16:00","697.7142857142857","695.0","-2.7142857142856656","-0.3884686158249777","-0.05742365538330449","2025-02-23"
"36.07467093999243","-119.81623818576698","34.84273278914933","-116.17966371089373","LINESTRING (-119.81623818576698 36.07467093999243, -116.17966371089373 34.84273278914933)","356.6909649165083","USA.5.16_1","USA.5.36_1","Kings","San Bernardino","GADM2","3.6","US","2025-02-23 16:00","28.285714285714285","18.0","-10.285714285714285","-35.12195121951219","-1.0908673535933069","2025-02-23"
"36.07467093999243","-119.81623818576698","36.21567337254576","-115.01864068116636","LINESTRING (-119.81623818576698 36.07467093999243, -115.01864068116636 36.21567337254576)","431.03105399653856","USA.5.16_1","USA.29.3_1","Kings","Clark","GADM2","3.6","US","2025-02-23 16:00","13.857142857142858","","","","","2025-02-23"
"36.07467093999243","-119.81623818576698","33.70302467912685","-117.76086188122495","LINESTRING (-119.81623818576698 36.07467093999243, -117.76086188122495 33.70302467912685)","323.53827527907094","USA.5.16_1","USA.5.30_1","Kings","Orange","GADM2","3.6","US","2025-02-23 16:00","46.0","21.0","-25.0","-53.191489361702125","-1.3982709418043677","2025-02-23"
"36.07467093999243","-119.81623818576698","34.67281324104238","-120.01817389021367","LINESTRING (-119.81623818576698 36.07467093999243, -120.01817389021367 34.67281324104238)","156.9511478575131","USA.5.16_1","USA.5.42_1","Kings","Santa Barbara","GADM2","3.6","US","2025-02-23 16:00","19.285714285714285","20.0","0.7142857142857153","3.5211267605633854","0.1601007884876518","2025-02-23"
"36.07467093999243","-119.81623818576698","35.34244322872474","-118.73226467260795","LINESTRING (-119.81623818576698 36.07467093999243, -118.73226467260795 35.34244322872474)","127.30960123841903","USA.5.16_1","USA.5.15_1","Kings","Kern","GADM2","3.6","US","2025-02-23 16:00","133.42857142857142","96.0","-37.428571428571416","-27.84272051009564","-1.49401581082962","2025-02-23"
"36.07467093999243","-119.81623818576698","33.03467961448801","-116.73219428917275","LINESTRING (-119.81623818576698 36.07467093999243, -116.73219428917275 33.03467961448801)","440.43427284032214","USA.5.16_1","USA.5.37_1","Kings","San Diego","GADM2","3.6","US","2025-02-23 16:00","28.142857142857142","21.0","-7.142857142857142","-24.509803921568626","-0.8097586307301488","2025-02-23"
"33.74552491912014","-115.99278155619636","33.04031085182373","-115.36367513698546","LINESTRING (-115.99278155619636 33.74552491912014, -115.36367513698546 33.04031085182373)","97.77626084879066","USA.5.33_1","USA.5.13_1","Riverside","Imperial","GADM2","3.6","US","2025-02-23 16:00","500.0","565.0","65.0","12.974051896207586","1.3471683424707275","2025-02-23"
"33.74552491912014","-115.99278155619636","36.51140391678481","-117.41198453824227","LINESTRING (-115.99278155619636 33.74552491912014, -117.41198453824227 36.51140391678481)","333.52363668425454","USA.5.33_1","USA.5.14_1","Riverside","Inyo","GADM2","3.6","US","2025-02-23 16:00","12.571428571428571","11.0","-1.5714285714285712","-11.578947368421051","-0.4677675811188185","2025-02-23"
"33.74552491912014","-115.99278155619636","34.45691532289751","-119.08528774659119","LINESTRING (-115.99278155619636 33.74552491912014, -119.08528774659119 34.45691532289751)","295.5110930705003","USA.5.33_1","USA.5.56_1","Riverside","Ventura","GADM2","3.6","US","2025-02-23 16:00","255.0","288.0","33.0","12.890625","0.9386522045811477","2025-02-23"
"33.74552491912014","-115.99278155619636","36.07467093999243","-119.81623818576698","LINESTRING (-115.99278155619636 33.74552491912014, -119.81623818576698 36.07467093999243)","434.2494314128641","USA.5.33_1","USA.5.16_1","Riverside","Kings","GADM2","3.6","US","2025-02-23 16:00","30.285714285714285","29.0","-1.2857142857142847","-4.109589041095887","-0.12208698606263903","2025-02-23"
"33.74552491912014","-115.99278155619636","36.220211537773395","-118.80144209701061","LINESTRING (-115.99278155619636 33.74552491912014, -118.80144209701061 36.220211537773395)","375.7213407826108","USA.5.33_1","USA.5.54_1","Riverside","Tulare","GADM2","3.6","US","2025-02-23 16:00","66.71428571428571","76.0","9.285714285714292","13.713080168776381","1.2030849919158713","2025-02-23"
"33.74552491912014","-115.99278155619636","33.74552491912014","-115.99278155619636","POINT (-115.99278155619636 33.74552491912014)","0.0","USA.5.33_1","USA.5.33_1","Riverside","Riverside","GADM2","3.6","US","2025-02-23 16:00","367146.71428571426","373856.0","6709.285714285739","1.8274077307926735","1.377496566587745","2025-02-23"
"33.74552491912014","-115.99278155619636","34.84273278914933","-116.17966371089373","LINESTRING (-115.99278155619636 33.74552491912014, -116.17966371089373 34.84273278914933)","123.20601915316418","USA.5.33_1","USA.5.36_1","Riverside","San Bernardino","GADM2","3.6","US","2025-02-23 16:00","9828.714285714286","10337.0","508.28571428571377","5.170910359260546","0.8692782977415668","2025-02-23"
"33.74552491912014","-115.99278155619636","35.34244322872474","-118.73226467260795","LINESTRING (-115.99278155619636 33.74552491912014, -118.73226467260795 35.34244322872474)","307.3649781776749","USA.5.33_1","USA.5.15_1","Riverside","Kern","GADM2","3.6","US","2025-02-23 16:00","318.9239127256424","354.0","35.076087274357576","10.963884185936994","0.4956407644905896","2025-02-23"
"33.74552491912014","-115.99278155619636","36.21747682090295","-121.23962348153657","LINESTRING (-115.99278155619636 33.74552491912014, -121.23962348153657 36.21747682090295)","551.2860147931714","USA.5.33_1","USA.5.27_1","Riverside","Monterey","GADM2","3.6","US","2025-02-23 16:00","27.428571428571427","21.0","-6.428571428571427","-22.61306532663316","-0.8725125761206662","2025-02-23"
"33.74552491912014","-115.99278155619636","33.70302467912685","-117.76086188122495","LINESTRING (-115.99278155619636 33.74552491912014, -117.76086188122495 33.70302467912685)","163.58377429910695","USA.5.33_1","USA.5.30_1","Riverside","Orange","GADM2","3.6","US","2025-02-23 16:00","5652.142857142857","5879.0","226.85714285714312","4.012938441322151","0.7190428673132601","2025-02-23"
"33.74552491912014","-115.99278155619636","35.38769386213297","-120.40591003420344","LINESTRING (-115.99278155619636 33.74552491912014, -120.40591003420344 35.38769386213297)","443.3724316156335","USA.5.33_1","USA.5.40_1","Riverside","San Luis Obispo","GADM2","3.6","US","2025-02-23 16:00","47.42857142857143","45.0","-2.4285714285714306","-5.014749262536877","-0.15506534644795428","2025-02-23"
"33.74552491912014","-115.99278155619636","33.03467961448801","-116.73219428917275","LINESTRING (-115.99278155619636 33.74552491912014, -116.73219428917275 33.03467961448801)","104.69068947464298","USA.5.33_1","USA.5.37_1","Riverside","San Diego","GADM2","3.6","US","2025-02-23 16:00","4134.142857142857","4705.0","570.8571428571431","13.805016237131216","2.6366159359607635","2025-02-23"
"33.74552491912014","-115.99278155619636","34.67281324104238","-120.01817389021367","LINESTRING (-115.99278155619636 33.74552491912014, -120.01817389021367 34.67281324104238)","384.2242241613475","USA.5.33_1","USA.5.42_1","Riverside","Santa Barbara","GADM2","3.6","US","2025-02-23 16:00","97.57142857142857","94.0","-3.5714285714285694","-3.6231884057970993","-0.16912107291687042","2025-02-23"
"33.74552491912014","-115.99278155619636","34.321822973296776","-118.22668057620999","LINESTRING (-115.99278155619636 33.74552491912014, -118.22668057620999 34.321822973296776)","215.5880027453175","USA.5.33_1","USA.5.19_1","Riverside","Los Angeles","GADM2","3.6","US","2025-02-23 16:00","7778.285714285715","8588.0","809.7142857142853","10.408594252134785","1.4054280299891257","2025-02-23"
"33.74552491912014","-115.99278155619636","36.21567337254576","-115.01864068116636","LINESTRING (-115.99278155619636 33.74552491912014, -115.01864068116636 36.21567337254576)","288.64590413080685","USA.5.33_1","USA.29.3_1","Riverside","Clark","GADM2","3.6","US","2025-02-23 16:00","540.1428571428571","474.0","-66.14285714285711","-12.22280887011615","-0.7628636479903381","2025-02-23"
"36.220211537773395","-118.80144209701061","34.45691532289751","-119.08528774659119","LINESTRING (-118.80144209701061 36.220211537773395, -119.08528774659119 34.45691532289751)","197.7528125459547","USA.5.54_1","USA.5.56_1","Tulare","Ventura","GADM2","3.6","US","2025-02-23 16:00","50.142857142857146","64.0","13.857142857142854","27.094972067039098","1.591518934773182","2025-02-23"
"36.220211537773395","-118.80144209701061","36.07467093999243","-119.81623818576698","LINESTRING (-118.80144209701061 36.220211537773395, -119.81623818576698 36.07467093999243)","92.54430275337998","USA.5.54_1","USA.5.16_1","Tulare","Kings","GADM2","3.6","US","2025-02-23 16:00","710.0","748.0","38.0","5.344585091420535","0.7119717793916613","2025-02-23"
"36.220211537773395","-118.80144209701061","36.220211537773395","-118.80144209701061","POINT (-118.80144209701061 36.220211537773395)","0.0","USA.5.54_1","USA.5.54_1","Tulare","Tulare","GADM2","3.6","US","2025-02-23 16:00","74538.85714285714","74759.0","220.14285714285506","0.2953357647586402","0.26582355681853675","2025-02-23"
"36.220211537773395","-118.80144209701061","33.74552491912014","-115.99278155619636","LINESTRING (-118.80144209701061 36.220211537773395, -115.99278155619636 33.74552491912014)","375.7213407826109","USA.5.54_1","USA.5.33_1","Tulare","Riverside","GADM2","3.6","US","2025-02-23 16:00","74.86192849044166","81.0","6.138071509558344","8.091109245043409","0.339845192100141","2025-02-23"
"36.220211537773395","-118.80144209701061","34.84273278914933","-116.17966371089373","LINESTRING (-118.80144209701061 36.220211537773395, -116.17966371089373 34.84273278914933)","282.3753001807942","USA.5.54_1","USA.5.36_1","Tulare","San Bernardino","GADM2","3.6","US","2025-02-23 16:00","103.57142857142857","95.0","-8.57142857142857","-8.196721311475407","-0.39511039893384037","2025-02-23"
"36.220211537773395","-118.80144209701061","33.70302467912685","-117.76086188122495","LINESTRING (-118.80144209701061 36.220211537773395, -117.76086188122495 33.70302467912685)","295.51948069046875","USA.5.54_1","USA.5.30_1","Tulare","Orange","GADM2","3.6","US","2025-02-23 16:00","108.42857142857143","100.0","-8.42857142857143","-7.702349869451699","-0.26578913650604036","2025-02-23"
"36.220211537773395","-118.80144209701061","35.38769386213297","-120.40591003420344","LINESTRING (-118.80144209701061 36.220211537773395, -120.40591003420344 35.38769386213297)","171.76861487408016","USA.5.54_1","USA.5.40_1","Tulare","San Luis Obispo","GADM2","3.6","US","2025-02-23 16:00","99.57142857142857","113.0","13.42857142857143","13.35227272727273","0.6844256995510762","2025-02-23"
"36.220211537773395","-118.80144209701061","36.21747682090295","-121.23962348153657","LINESTRING (-118.80144209701061 36.220211537773395, -121.23962348153657 36.21747682090295)","218.71987169646786","USA.5.54_1","USA.5.27_1","Tulare","Monterey","GADM2","3.6","US","2025-02-23 16:00","49.142857142857146","66.0","16.857142857142854","33.61823361823361","1.2171633972919131","2025-02-23"
"36.220211537773395","-118.80144209701061","34.321822973296776","-118.22668057620999","LINESTRING (-118.80144209701061 36.220211537773395, -118.22668057620999 34.321822973296776)","217.44332075791277","USA.5.54_1","USA.5.19_1","Tulare","Los Angeles","GADM2","3.6","US","2025-02-23 16:00","446.7142857142857","411.0","-35.71428571428572","-7.977026164645822","-0.3474525260619218","2025-02-23"
"36.220211537773395","-118.80144209701061","34.67281324104238","-120.01817389021367","LINESTRING (-118.80144209701061 36.220211537773395, -120.01817389021367 34.67281324104238)","204.3327439033036","USA.5.54_1","USA.5.42_1","Tulare","Santa Barbara","GADM2","3.6","US","2025-02-23 16:00","38.42857142857143","48.0","9.57142857142857","24.27536231884057","0.8342906774401294","2025-02-23"
"36.220211537773395","-118.80144209701061","36.21567337254576","-115.01864068116636","LINESTRING (-118.80144209701061 36.220211537773395, -115.01864068116636 36.21567337254576)","339.33193747035","USA.5.54_1","USA.29.3_1","Tulare","Clark","GADM2","3.6","US","2025-02-23 16:00","49.57142857142857","34.0","-15.57142857142857","-30.790960451977398","-1.2469023778162054","2025-02-23"
"36.220211537773395","-118.80144209701061","35.34244322872474","-118.73226467260795","LINESTRING (-118.80144209701061 36.220211537773395, -118.73226467260795 35.34244322872474)","97.80281139192607","USA.5.54_1","USA.5.15_1","Tulare","Kern","GADM2","3.6","US","2025-02-23 16:00","827.1428571428571","819.0","-8.14285714285711","-0.9832672071761217","-0.15745535944654832","2025-02-23"
"36.220211537773395","-118.80144209701061","33.03467961448801","-116.73219428917275","LINESTRING (-118.80144209701061 36.220211537773395, -116.73219428917275 33.03467961448801)","401.6116751772937","USA.5.54_1","USA.5.37_1","Tulare","San Diego","GADM2","3.6","US","2025-02-23 16:00","62.42857142857143","62.0","-0.4285714285714306","-0.6756756756756789","-0.01770987996920285","2025-02-23"
"34.45691532289751","-119.08528774659119","33.04031085182373","-115.36367513698546","LINESTRING (-119.08528774659119 34.45691532289751, -115.36367513698546 33.04031085182373)","378.39444663772923","USA.5.56_1","USA.5.13_1","Ventura","Imperial","GADM2","3.6","US","2025-02-23 16:00","","11.0","","","","2025-02-23"
"34.45691532289751","-119.08528774659119","34.45691532289751","-119.08528774659119","POINT (-119.08528774659119 34.45691532289751)","0.0","USA.5.56_1","USA.5.56_1","Ventura","Ventura","GADM2","3.6","US","2025-02-23 16:00","113186.71428571429","113954.0","767.2857142857101","0.6778878071067747","0.7523633938627733","2025-02-23"
"34.45691532289751","-119.08528774659119","36.07467093999243","-119.81623818576698","LINESTRING (-119.08528774659119 34.45691532289751, -119.81623818576698 36.07467093999243)","191.73506707222055","USA.5.56_1","USA.5.16_1","Ventura","Kings","GADM2","3.6","US","2025-02-23 16:00","11.828285733008432","23.0","11.171714266991568","87.08657181096035","2.4856901481326767","2025-02-23"
"34.45691532289751","-119.08528774659119","36.220211537773395","-118.80144209701061","LINESTRING (-119.08528774659119 34.45691532289751, -118.80144209701061 36.220211537773395)","197.7528125459543","USA.5.56_1","USA.5.54_1","Ventura","Tulare","GADM2","3.6","US","2025-02-23 16:00","43.714285714285715","36.0","-7.714285714285715","-17.252396166134186","-0.5647719922181424","2025-02-23"
"34.45691532289751","-119.08528774659119","33.74552491912014","-115.99278155619636","LINESTRING (-119.08528774659119 34.45691532289751, -115.99278155619636 33.74552491912014)","295.5110930705003","USA.5.56_1","USA.5.33_1","Ventura","Riverside","GADM2","3.6","US","2025-02-23 16:00","194.28571428571428","177.0","-17.285714285714278","-8.851499634235548","-1.105310944053327","2025-02-23"
"34.45691532289751","-119.08528774659119","34.84273278914933","-116.17966371089373","LINESTRING (-119.08528774659119 34.45691532289751, -116.17966371089373 34.84273278914933)","269.2182172894161","USA.5.56_1","USA.5.36_1","Ventura","San Bernardino","GADM2","3.6","US","2025-02-23 16:00","191.0","212.0","21.0","10.9375","0.7692084075461694","2025-02-23"
"34.45691532289751","-119.08528774659119","36.21747682090295","-121.23962348153657","LINESTRING (-119.08528774659119 34.45691532289751, -121.23962348153657 36.21747682090295)","276.5918862725087","USA.5.56_1","USA.5.27_1","Ventura","Monterey","GADM2","3.6","US","2025-02-23 16:00","52.42857142857143","31.0","-21.42857142857143","-40.106951871657756","-1.322300335174283","2025-02-23"
"34.45691532289751","-119.08528774659119","35.38769386213297","-120.40591003420344","LINESTRING (-119.08528774659119 34.45691532289751, -120.40591003420344 35.38769386213297)","158.77009642403405","USA.5.56_1","USA.5.40_1","Ventura","San Luis Obispo","GADM2","3.6","US","2025-02-23 16:00","123.85714285714286","133.0","9.142857142857139","7.32265446224256","0.41899929974186756","2025-02-23"
"34.45691532289751","-119.08528774659119","33.70302467912685","-117.76086188122495","LINESTRING (-119.08528774659119 34.45691532289751, -117.76086188122495 33.70302467912685)","148.00327682561425","USA.5.56_1","USA.5.30_1","Ventura","Orange","GADM2","3.6","US","2025-02-23 16:00","335.0","398.0","63.0","18.75","1.7618213866735033","2025-02-23"
"34.45691532289751","-119.08528774659119","34.321822973296776","-118.22668057620999","LINESTRING (-119.08528774659119 34.45691532289751, -118.22668057620999 34.321822973296776)","80.20497261588642","USA.5.56_1","USA.5.19_1","Ventura","Los Angeles","GADM2","3.6","US","2025-02-23 16:00","4560.285714285715","4773.0","212.71428571428532","4.66347207867455","0.6092267202958999","2025-02-23"
"34.45691532289751","-119.08528774659119","34.67281324104238","-120.01817389021367","LINESTRING (-119.08528774659119 34.45691532289751, -120.01817389021367 34.67281324104238)","88.73088413600632","USA.5.56_1","USA.5.42_1","Ventura","Santa Barbara","GADM2","3.6","US","2025-02-23 16:00","892.5714285714286","876.0","-16.571428571428555","-1.854516386890486","-0.2683788221750332","2025-02-23"
"34.45691532289751","-119.08528774659119","36.21567337254576","-115.01864068116636","LINESTRING (-119.08528774659119 34.45691532289751, -115.01864068116636 36.21567337254576)","417.4634827214309","USA.5.56_1","USA.29.3_1","Ventura","Clark","GADM2","3.6","US","2025-02-23 16:00","81.14285714285714","65.0","-16.14285714285714","-19.652173913043473","-0.7715033232546508","2025-02-23"
"34.45691532289751","-119.08528774659119","33.03467961448801","-116.73219428917275","LINESTRING (-119.08528774659119 34.45691532289751, -116.73219428917275 33.03467961448801)","268.95648410536415","USA.5.56_1","USA.5.37_1","Ventura","San Diego","GADM2","3.6","US","2025-02-23 16:00","201.85714285714286","222.0","20.14285714285714","9.92957746478873","0.4362614852689283","2025-02-23"
"34.45691532289751","-119.08528774659119","35.34244322872474","-118.73226467260795","LINESTRING (-119.08528774659119 34.45691532289751, -118.73226467260795 35.34244322872474)","103.59572176335074","USA.5.56_1","USA.5.15_1","Ventura","Kern","GADM2","3.6","US","2025-02-23 16:00","258.7142857142857","308.0","49.28571428571428","18.976897689768972","1.5360056529757815","2025-02-23"
"34.321822973296776","-118.22668057620999","33.04031085182373","-115.36367513698546","LINESTRING (-118.22668057620999 34.321822973296776, -115.36367513698546 33.04031085182373)","300.78746404815195","USA.5.19_1","USA.5.13_1","Los Angeles","Imperial","GADM2","3.6","US","2025-02-23 16:00","128.07404526024234","106.0","-22.074045260242343","-17.10184663054148","-1.389130109698562","2025-02-23"
"34.321822973296776","-118.22668057620999","36.51140391678481","-117.41198453824227","LINESTRING (-118.22668057620999 34.321822973296776, -117.41198453824227 36.51140391678481)","254.4145248492839","USA.5.19_1","USA.5.14_1","Los Angeles","Inyo","GADM2","3.6","US","2025-02-23 16:00","59.57142857142857","37.0","-22.57142857142857","-37.264150943396224","-1.9928283764432315","2025-02-23"
"34.321822973296776","-118.22668057620999","34.45691532289751","-119.08528774659119","LINESTRING (-118.22668057620999 34.321822973296776, -119.08528774659119 34.45691532289751)","80.2049726158864","USA.5.19_1","USA.5.56_1","Los Angeles","Ventura","GADM2","3.6","US","2025-02-23 16:00","4454.714285714285","4531.0","76.28571428571468","1.7120872074382905","0.27492729848422287","2025-02-23"
"34.321822973296776","-118.22668057620999","33.74552491912014","-115.99278155619636","LINESTRING (-118.22668057620999 34.321822973296776, -115.99278155619636 33.74552491912014)","215.58800274531745","USA.5.19_1","USA.5.33_1","Los Angeles","Riverside","GADM2","3.6","US","2025-02-23 16:00","6927.428571428572","6818.0","-109.42857142857156","-1.5794140085362602","-0.21206584955257138","2025-02-23"
"34.321822973296776","-118.22668057620999","36.07467093999243","-119.81623818576698","LINESTRING (-118.22668057620999 34.321822973296776, -119.81623818576698 36.07467093999243)","242.58182083827393","USA.5.19_1","USA.5.16_1","Los Angeles","Kings","GADM2","3.6","US","2025-02-23 16:00","150.14285714285714","120.0","-30.14285714285714","-19.94328922495274","-0.7150283232052841","2025-02-23"
"34.321822973296776","-118.22668057620999","36.220211537773395","-118.80144209701061","LINESTRING (-118.22668057620999 34.321822973296776, -118.80144209701061 36.220211537773395)","217.44332075791286","USA.5.19_1","USA.5.54_1","Los Angeles","Tulare","GADM2","3.6","US","2025-02-23 16:00","428.14285714285717","405.0","-23.142857142857167","-5.392809587217049","-0.7355990512359214","2025-02-23"
"34.321822973296776","-118.22668057620999","34.84273278914933","-116.17966371089373","LINESTRING (-118.22668057620999 34.321822973296776, -116.17966371089373 34.84273278914933)","196.1435943788912","USA.5.19_1","USA.5.36_1","Los Angeles","San Bernardino","GADM2","3.6","US","2025-02-23 16:00","11895.285714285714","12435.0","539.7142857142862","4.536830223118865","0.7105511757324242","2025-02-23"
"34.321822973296776","-118.22668057620999","36.21747682090295","-121.23962348153657","LINESTRING (-118.22668057620999 34.321822973296776, -121.23962348153657 36.21747682090295)","345.2917761611978","USA.5.19_1","USA.5.27_1","Los Angeles","Monterey","GADM2","3.6","US","2025-02-23 16:00","184.85714285714286","114.0","-70.85714285714286","-38.12451960030746","-1.5277384536136884","2025-02-23"
"34.321822973296776","-118.22668057620999","34.67281324104238","-120.01817389021367","LINESTRING (-118.22668057620999 34.321822973296776, -120.01817389021367 34.67281324104238)","168.7481122372561","USA.5.19_1","USA.5.42_1","Los Angeles","Santa Barbara","GADM2","3.6","US","2025-02-23 16:00","894.312220214859","799.0","-95.31222021485905","-10.645696335071335","-0.8622984921118343","2025-02-23"
"34.321822973296776","-118.22668057620999","34.321822973296776","-118.22668057620999","POINT (-118.22668057620999 34.321822973296776)","0.0","USA.5.19_1","USA.5.19_1","Los Angeles","Los Angeles","GADM2","3.6","US","2025-02-23 16:00","1217473.142857143","1244308.0","26834.857142857043","2.2041418538780264","1.9508356096612793","2025-02-23"
"34.321822973296776","-118.22668057620999","33.70302467912685","-117.76086188122495","LINESTRING (-118.22668057620999 34.321822973296776, -117.76086188122495 33.70302467912685)","81.10384491321173","USA.5.19_1","USA.5.30_1","Los Angeles","Orange","GADM2","3.6","US","2025-02-23 16:00","17999.14285714286","17821.0","-178.1428571428587","-0.9896746851215552","-0.1556190453319879","2025-02-23"
"34.321822973296776","-118.22668057620999","35.38769386213297","-120.40591003420344","LINESTRING (-118.22668057620999 34.321822973296776, -120.40591003420344 35.38769386213297)","231.48044854804857","USA.5.19_1","USA.5.40_1","Los Angeles","San Luis Obispo","GADM2","3.6","US","2025-02-23 16:00","312.68026456872695","254.0","-58.680264568726955","-18.7070310749085","-0.7178022879390091","2025-02-23"
"34.321822973296776","-118.22668057620999","36.21567337254576","-115.01864068116636","LINESTRING (-118.22668057620999 34.321822973296776, -115.01864068116636 36.21567337254576)","359.3646920342063","USA.5.19_1","USA.29.3_1","Los Angeles","Clark","GADM2","3.6","US","2025-02-23 16:00","2080.4285714285716","1547.0","-533.4285714285716","-25.628002745367198","-1.3482591778922444","2025-02-23"
"34.321822973296776","-118.22668057620999","35.34244322872474","-118.73226467260795","LINESTRING (-118.22668057620999 34.321822973296776, -118.73226467260795 35.34244322872474)","122.51044035496462","USA.5.19_1","USA.5.15_1","Los Angeles","Kern","GADM2","3.6","US","2025-02-23 16:00","2784.0","2641.0","-143.0","-5.134649910233393","-0.6349871958685217","2025-02-23"
"34.321822973296776","-118.22668057620999","33.03467961448801","-116.73219428917275","LINESTRING (-118.22668057620999 34.321822973296776, -116.73219428917275 33.03467961448801)","199.01271334549185","USA.5.19_1","USA.5.37_1","Los Angeles","San Diego","GADM2","3.6","US","2025-02-23 16:00","3338.0181788146288","3165.0","-173.01817881462875","-5.181708201302793","-0.7040742528163917","2025-02-23"
"35.38769386213297","-120.40591003420344","34.45691532289751","-119.08528774659119","LINESTRING (-120.40591003420344 35.38769386213297, -119.08528774659119 34.45691532289751)","158.77009642403394","USA.5.40_1","USA.5.56_1","San Luis Obispo","Ventura","GADM2","3.6","US","2025-02-23 16:00","162.85714285714286","207.0","44.14285714285714","26.939843068875323","1.269992903270595","2025-02-23"
"35.38769386213297","-120.40591003420344","36.07467093999243","-119.81623818576698","LINESTRING (-120.40591003420344 35.38769386213297, -119.81623818576698 36.07467093999243)","93.10290843600372","USA.5.40_1","USA.5.16_1","San Luis Obispo","Kings","GADM2","3.6","US","2025-02-23 16:00","124.42857142857143","246.0","121.57142857142857","96.9248291571754","4.0","2025-02-23"
"35.38769386213297","-120.40591003420344","36.220211537773395","-118.80144209701061","LINESTRING (-120.40591003420344 35.38769386213297, -118.80144209701061 36.220211537773395)","171.76861487407996","USA.5.40_1","USA.5.54_1","San Luis Obispo","Tulare","GADM2","3.6","US","2025-02-23 16:00","209.57142857142858","383.0","173.42857142857142","82.36092265943012","3.7359564741858313","2025-02-23"
"35.38769386213297","-120.40591003420344","33.74552491912014","-115.99278155619636","LINESTRING (-120.40591003420344 35.38769386213297, -115.99278155619636 33.74552491912014)","443.3724316156336","USA.5.40_1","USA.5.33_1","San Luis Obispo","Riverside","GADM2","3.6","US","2025-02-23 16:00","56.57142857142857","68.0","11.42857142857143","19.85111662531018","1.0690449676496978","2025-02-23"
"35.38769386213297","-120.40591003420344","34.84273278914933","-116.17966371089373","LINESTRING (-120.40591003420344 35.38769386213297, -116.17966371089373 34.84273278914933)","389.12260487656937","USA.5.40_1","USA.5.36_1","San Luis Obispo","San Bernardino","GADM2","3.6","US","2025-02-23 16:00","51.285714285714285","61.0","9.714285714285715","18.579234972677597","0.6830922995050591","2025-02-23"
"35.38769386213297","-120.40591003420344","36.21747682090295","-121.23962348153657","LINESTRING (-120.40591003420344 35.38769386213297, -121.23962348153657 36.21747682090295)","119.02167999902136","USA.5.40_1","USA.5.27_1","San Luis Obispo","Monterey","GADM2","3.6","US","2025-02-23 16:00","245.14285714285714","264.0","18.85714285714286","7.661056297156125","0.709961356700017","2025-02-23"
"35.38769386213297","-120.40591003420344","35.38769386213297","-120.40591003420344","POINT (-120.40591003420344 35.38769386213297)","0.0","USA.5.40_1","USA.5.40_1","San Luis Obispo","San Luis Obispo","GADM2","3.6","US","2025-02-23 16:00","38060.57142857143","38459.0","398.42857142857247","1.0468001095968589","0.4510963546559573","2025-02-23"
"35.38769386213297","-120.40591003420344","33.70302467912685","-117.76086188122495","LINESTRING (-120.40591003420344 35.38769386213297, -117.76086188122495 33.70302467912685)","306.2128067731328","USA.5.40_1","USA.5.30_1","San Luis Obispo","Orange","GADM2","3.6","US","2025-02-23 16:00","119.0","111.0","-8.0","-6.666666666666667","-0.30693649149871816","2025-02-23"
"35.38769386213297","-120.40591003420344","34.321822973296776","-118.22668057620999","LINESTRING (-120.40591003420344 35.38769386213297, -118.22668057620999 34.321822973296776)","231.48044854804857","USA.5.40_1","USA.5.19_1","San Luis Obispo","Los Angeles","GADM2","3.6","US","2025-02-23 16:00","412.42857142857144","435.0","22.571428571428555","5.459571527297854","0.2443387913231186","2025-02-23"
"35.38769386213297","-120.40591003420344","34.67281324104238","-120.01817389021367","LINESTRING (-120.40591003420344 35.38769386213297, -120.01817389021367 34.67281324104238)","86.97813633252379","USA.5.40_1","USA.5.42_1","San Luis Obispo","Santa Barbara","GADM2","3.6","US","2025-02-23 16:00","1387.5714285714287","1555.0","167.42857142857133","12.057613168724272","2.7928230000400136","2025-02-23"
"35.38769386213297","-120.40591003420344","36.21567337254576","-115.01864068116636","LINESTRING (-120.40591003420344 35.38769386213297, -115.01864068116636 36.21567337254576)","494.4232280723004","USA.5.40_1","USA.29.3_1","San Luis Obispo","Clark","GADM2","3.6","US","2025-02-23 16:00","23.428571428571427","20.0","-3.428571428571427","-14.035087719298241","-0.3795049459502032","2025-02-23"
"35.38769386213297","-120.40591003420344","35.34244322872474","-118.73226467260795","LINESTRING (-120.40591003420344 35.38769386213297, -118.73226467260795 35.34244322872474)","151.84350226178222","USA.5.40_1","USA.5.15_1","San Luis Obispo","Kern","GADM2","3.6","US","2025-02-23 16:00","324.14285714285717","551.0","226.85714285714283","69.77152899824252","4.0","2025-02-23"
"35.38769386213297","-120.40591003420344","33.03467961448801","-116.73219428917275","LINESTRING (-120.40591003420344 35.38769386213297, -116.73219428917275 33.03467961448801)","427.2318101494245","USA.5.40_1","USA.5.37_1","San Luis Obispo","San Diego","GADM2","3.6","US","2025-02-23 16:00","63.57142857142857","74.0","10.42857142857143","16.150442477876112","0.4994652676229609","2025-02-23"
"33.70302467912685","-117.76086188122495","33.04031085182373","-115.36367513698546","LINESTRING (-117.76086188122495 33.70302467912685, -115.36367513698546 33.04031085182373)","234.47848115132498","USA.5.30_1","USA.5.13_1","Orange","Imperial","GADM2","3.6","US","2025-02-23 16:00","72.57142857142857","56.0","-16.57142857142857","-22.52427184466019","-1.4518159055331004","2025-02-23"
"33.70302467912685","-117.76086188122495","36.51140391678481","-117.41198453824227","LINESTRING (-117.76086188122495 33.70302467912685, -117.41198453824227 36.51140391678481)","313.88569954459746","USA.5.30_1","USA.5.14_1","Orange","Inyo","GADM2","3.6","US","2025-02-23 16:00","14.428571428571429","11.0","-3.428571428571429","-22.222222222222225","-0.6065429916183074","2025-02-23"
"33.70302467912685","-117.76086188122495","34.45691532289751","-119.08528774659119","LINESTRING (-117.76086188122495 33.70302467912685, -119.08528774659119 34.45691532289751)","148.00327682561402","USA.5.30_1","USA.5.56_1","Orange","Ventura","GADM2","3.6","US","2025-02-23 16:00","413.85714285714283","525.0","111.14285714285717","26.790633608815437","1.7934489473464559","2025-02-23"
"33.70302467912685","-117.76086188122495","36.07467093999243","-119.81623818576698","LINESTRING (-117.76086188122495 33.70302467912685, -119.81623818576698 36.07467093999243)","323.5382752790712","USA.5.30_1","USA.5.16_1","Orange","Kings","GADM2","3.6","US","2025-02-23 16:00","50.42857142857143","37.0","-13.42857142857143","-26.111111111111114","-0.8178139765602902","2025-02-23"
"33.70302467912685","-117.76086188122495","36.220211537773395","-118.80144209701061","LINESTRING (-117.76086188122495 33.70302467912685, -118.80144209701061 36.220211537773395)","295.5194806904688","USA.5.30_1","USA.5.54_1","Orange","Tulare","GADM2","3.6","US","2025-02-23 16:00","124.57142857142857","162.0","37.42857142857143","29.806598407281005","2.808396885732164","2025-02-23"
"33.70302467912685","-117.76086188122495","33.74552491912014","-115.99278155619636","LINESTRING (-117.76086188122495 33.70302467912685, -115.99278155619636 33.74552491912014)","163.58377429910695","USA.5.30_1","USA.5.33_1","Orange","Riverside","GADM2","3.6","US","2025-02-23 16:00","5554.428571428572","6004.0","449.57142857142844","8.092470685044226","1.0280071675960716","2025-02-23"
"33.70302467912685","-117.76086188122495","34.84273278914933","-116.17966371089373","LINESTRING (-117.76086188122495 33.70302467912685, -116.17966371089373 34.84273278914933)","192.79098878089172","USA.5.30_1","USA.5.36_1","Orange","San Bernardino","GADM2","3.6","US","2025-02-23 16:00","3343.285714285714","3947.0","603.7142857142858","18.052114480991033","2.3895553051492695","2025-02-23"
"33.70302467912685","-117.76086188122495","36.21747682090295","-121.23962348153657","LINESTRING (-117.76086188122495 33.70302467912685, -121.23962348153657 36.21747682090295)","422.6399342488973","USA.5.30_1","USA.5.27_1","Orange","Monterey","GADM2","3.6","US","2025-02-23 16:00","42.857142857142854","47.0","4.142857142857146","9.446254071661246","0.4800552580542493","2025-02-23"
"33.70302467912685","-117.76086188122495","35.38769386213297","-120.40591003420344","LINESTRING (-117.76086188122495 33.70302467912685, -120.40591003420344 35.38769386213297)","306.212806773133","USA.5.30_1","USA.5.40_1","Orange","San Luis Obispo","GADM2","3.6","US","2025-02-23 16:00","85.71428571428571","62.0","-23.714285714285708","-27.347611202635907","-1.453365843247466","2025-02-23"
"33.70302467912685","-117.76086188122495","33.70302467912685","-117.76086188122495","POINT (-117.76086188122495 33.70302467912685)","0.0","USA.5.30_1","USA.5.30_1","Orange","Orange","GADM2","3.6","US","2025-02-23 16:00","397941.6715815141","399006.0","1064.3284184858785","0.2674577255703684","0.33306252118021","2025-02-23"
"33.70302467912685","-117.76086188122495","34.321822973296776","-118.22668057620999","LINESTRING (-117.76086188122495 33.70302467912685, -118.22668057620999 34.321822973296776)","81.1038449132116","USA.5.30_1","USA.5.19_1","Orange","Los Angeles","GADM2","3.6","US","2025-02-23 16:00","19173.0","20436.0","1263.0","6.587044956712214","1.0646908804617008","2025-02-23"
"33.70302467912685","-117.76086188122495","34.67281324104238","-120.01817389021367","LINESTRING (-117.76086188122495 33.70302467912685, -120.01817389021367 34.67281324104238)","233.95296283645933","USA.5.30_1","USA.5.42_1","Orange","Santa Barbara","GADM2","3.6","US","2025-02-23 16:00","192.42857142857142","162.0","-30.428571428571416","-15.731166912850808","-1.2591945828750875","2025-02-23"
"33.70302467912685","-117.76086188122495","36.21567337254576","-115.01864068116636","LINESTRING (-117.76086188122495 33.70302467912685, -115.01864068116636 36.21567337254576)","374.8107699233515","USA.5.30_1","USA.29.3_1","Orange","Clark","GADM2","3.6","US","2025-02-23 16:00","795.0","633.0","-162.0","-20.35175879396985","-1.1660713075029538","2025-02-23"
"33.70302467912685","-117.76086188122495","33.03467961448801","-116.73219428917275","LINESTRING (-117.76086188122495 33.70302467912685, -116.73219428917275 33.03467961448801)","121.02876424215691","USA.5.30_1","USA.5.37_1","Orange","San Diego","GADM2","3.6","US","2025-02-23 16:00","2918.8571428571427","3148.0","229.14285714285734","7.84774206174471","0.9845543513667838","2025-02-23"
"33.70302467912685","-117.76086188122495","35.34244322872474","-118.73226467260795","LINESTRING (-117.76086188122495 33.70302467912685, -118.73226467260795 35.34244322872474)","202.85493897633296","USA.5.30_1","USA.5.15_1","Orange","Kern","GADM2","3.6","US","2025-02-23 16:00","453.6473692293261","473.0","19.352630770673898","4.256624381986107","0.21489709951811162","2025-02-23"
"35.34244322872474","-118.73226467260795","33.04031085182373","-115.36367513698546","LINESTRING (-118.73226467260795 35.34244322872474, -115.36367513698546 33.04031085182373)","401.85190918931534","USA.5.15_1","USA.5.13_1","Kern","Imperial","GADM2","3.6","US","2025-02-23 16:00","28.0","20.0","-8.0","-27.586206896551722","-1.3926212476455828","2025-02-23"
"35.34244322872474","-118.73226467260795","36.51140391678481","-117.41198453824227","LINESTRING (-118.73226467260795 35.34244322872474, -117.41198453824227 36.51140391678481)","176.14380941923858","USA.5.15_1","USA.5.14_1","Kern","Inyo","GADM2","3.6","US","2025-02-23 16:00","52.142857142857146","39.0","-13.142857142857146","-24.73118279569893","-1.108889897092625","2025-02-23"
"35.34244322872474","-118.73226467260795","34.45691532289751","-119.08528774659119","LINESTRING (-118.73226467260795 35.34244322872474, -119.08528774659119 34.45691532289751)","103.59572176335116","USA.5.15_1","USA.5.56_1","Kern","Ventura","GADM2","3.6","US","2025-02-23 16:00","285.38388861908743","381.0","95.61611138091257","33.387391952097325","1.6883584477104967","2025-02-23"
"35.34244322872474","-118.73226467260795","36.07467093999243","-119.81623818576698","LINESTRING (-118.73226467260795 35.34244322872474, -119.81623818576698 36.07467093999243)","127.30960123841905","USA.5.15_1","USA.5.16_1","Kern","Kings","GADM2","3.6","US","2025-02-23 16:00","151.57142857142858","142.0","-9.571428571428584","-6.273408239700382","-0.40436353823884924","2025-02-23"
"35.34244322872474","-118.73226467260795","36.220211537773395","-118.80144209701061","LINESTRING (-118.73226467260795 35.34244322872474, -118.80144209701061 36.220211537773395)","97.80281139192576","USA.5.15_1","USA.5.54_1","Kern","Tulare","GADM2","3.6","US","2025-02-23 16:00","898.8571428571429","1003.0","104.14285714285711","11.573265597713918","1.1447166715953163","2025-02-23"
"35.34244322872474","-118.73226467260795","33.74552491912014","-115.99278155619636","LINESTRING (-118.73226467260795 35.34244322872474, -115.99278155619636 33.74552491912014)","307.3649781776749","USA.5.15_1","USA.5.33_1","Kern","Riverside","GADM2","3.6","US","2025-02-23 16:00","323.42857142857144","299.0","-24.428571428571445","-7.529722589167772","-0.488413301290332","2025-02-23"
"35.34244322872474","-118.73226467260795","34.84273278914933","-116.17966371089373","LINESTRING (-118.73226467260795 35.34244322872474, -116.17966371089373 34.84273278914933)","238.7887746648897","USA.5.15_1","USA.5.36_1","Kern","San Bernardino","GADM2","3.6","US","2025-02-23 16:00","499.14285714285717","528.0","28.857142857142833","5.769780062839184","0.5176379788566178","2025-02-23"
"35.34244322872474","-118.73226467260795","36.21747682090295","-121.23962348153657","LINESTRING (-118.73226467260795 35.34244322872474, -121.23962348153657 36.21747682090295)","246.21572031995777","USA.5.15_1","USA.5.27_1","Kern","Monterey","GADM2","3.6","US","2025-02-23 16:00","139.4468133219513","108.0","-31.44681332195131","-22.390549545517025","-0.7499010976901701","2025-02-23"
"35.34244322872474","-118.73226467260795","35.38769386213297","-120.40591003420344","LINESTRING (-118.73226467260795 35.34244322872474, -120.40591003420344 35.38769386213297)","151.84350226178222","USA.5.15_1","USA.5.40_1","Kern","San Luis Obispo","GADM2","3.6","US","2025-02-23 16:00","201.42857142857142","239.0","37.571428571428584","18.56033874382499","1.0114063090912953","2025-02-23"
"35.34244322872474","-118.73226467260795","33.70302467912685","-117.76086188122495","LINESTRING (-118.73226467260795 35.34244322872474, -117.76086188122495 33.70302467912685)","202.85493897633287","USA.5.15_1","USA.5.30_1","Kern","Orange","GADM2","3.6","US","2025-02-23 16:00","414.7142857142857","398.0","-16.714285714285722","-4.020618556701033","-0.21435787029239753","2025-02-23"
"35.34244322872474","-118.73226467260795","34.321822973296776","-118.22668057620999","LINESTRING (-118.73226467260795 35.34244322872474, -118.22668057620999 34.321822973296776)","122.5104403549645","USA.5.15_1","USA.5.19_1","Kern","Los Angeles","GADM2","3.6","US","2025-02-23 16:00","2679.6228860059505","2765.0","85.37711399404952","3.1849729568361225","0.40754160315418564","2025-02-23"
"35.34244322872474","-118.73226467260795","34.67281324104238","-120.01817389021367","LINESTRING (-118.73226467260795 35.34244322872474, -120.01817389021367 34.67281324104238)","138.78057405531743","USA.5.15_1","USA.5.42_1","Kern","Santa Barbara","GADM2","3.6","US","2025-02-23 16:00","173.85714285714286","221.0","47.14285714285714","26.960784313725487","1.7216323860270175","2025-02-23"
"35.34244322872474","-118.73226467260795","36.21567337254576","-115.01864068116636","LINESTRING (-118.73226467260795 35.34244322872474, -115.01864068116636 36.21567337254576)","348.76706983633136","USA.5.15_1","USA.29.3_1","Kern","Clark","GADM2","3.6","US","2025-02-23 16:00","302.85714285714283","180.0","-122.85714285714283","-40.432534085566516","-1.226316495428926","2025-02-23"
"35.34244322872474","-118.73226467260795","35.34244322872474","-118.73226467260795","POINT (-118.73226467260795 35.34244322872474)","0.0","USA.5.15_1","USA.5.15_1","Kern","Kern","GADM2","3.6","US","2025-02-23 16:00","143723.0","144503.0","780.0","0.542706854805043","0.8619540548193491","2025-02-23"
"35.34244322872474","-118.73226467260795","33.03467961448801","-116.73219428917275","LINESTRING (-118.73226467260795 35.34244322872474, -116.73219428917275 33.03467961448801)","315.72334669567107","USA.5.15_1","USA.5.37_1","Kern","San Diego","GADM2","3.6","US","2025-02-23 16:00","268.7413568751162","220.0","-48.741356875116196","-18.069664006948063","-0.5225675828373499","2025-02-23"
